{
  "L": 14,
  "n": 1.414213562373095,
  "modules": {
    "x=0, y=1": {
      "dimension": 6006,
      "eigenvalues": [
        1.6052363004408279,
        2.010493070373936,
        2.6954744436178233,
        3.2167662904251935,
        3.3500749606786644,
        3.576422020820044,
        3.9615467262167647,
        4.363170023027143,
        5.006886101311672,
        5.142580674732453,
        6.596896732737351,
        7.0301193737915275,
        7.5621261696421405,
        7.774233921332681,
        8.910541067043688,
        11.272046839204274,
        21.83526388465907,
        25.25559168379974,
        32.73508099747049,
        48.231483074638774,
        90.50966799187796
      ]
    },
    "x=0, y=4": {
      "dimension": 6435,
      "eigenvalues": [
        1.1020248232515226,
        1.464240222867047,
        1.8662689860348725,
        2.228484385650395,
        2.4791452195394172,
        2.7798327139223877,
        3.880425287503759,
        4.872024932545178,
        5.558233178174626,
        6.790965471646355,
        8.692051702332765,
        10.007644193388114,
        12.93196154370294,
        14.946117845171823,
        19.39552886038534
      ]
    },
    "x=0, y=7": {
      "dimension": 429,
      "eigenvalues": [
        1.414213562373095
      ]
    },
    "x=1, y=2": {
      "dimension": 15015,
      "eigenvalues": [
        1.1020248232515324,
        1.4642402228670512,
        1.6052363004408237,
        1.8662689860348676,
        2.0104930703739448,
        2.2284843856503875,
        2.479145219539413,
        2.695474443617826,
        2.779832713922385,
        3.216766290425196,
        3.350074960678661,
        3.5764220208200515,
        3.880425287503765,
        3.961546726216777,
        4.363170023027135,
        4.872024932545183,
        5.006886101311667,
        5.142580674732466,
        5.558233178174632,
        6.596896732737371,
        6.79096547164634,
        7.030119373791533,
        7.562126169642164,
        7.774233921332678,
        8.692051702332822,
        8.910541067043685,
        10.00764419338808,
        11.272046839204284,
        12.931961543702922,
        14.94611784517186,
        19.3955288603854,
        21.83526388465906,
        25.255591683799704,
        32.735080997470746,
        48.231483074638746
      ]
    },
    "x=1, y=5": {
      "dimension": 4576,
      "eigenvalues": [
        1.0264893889413509,
        1.581447521028724,
        2.3833852568335616,
        3.2734689926588163,
        4.075406728463659,
        4.630364860551035
      ]
    },
    "x=2, y=0": {
      "dimension": 9009,
      "eigenvalues": [
        1.4142135623730892,
        1.8687462864992064,
        2.3997918530239546,
        2.420684685394423,
        2.885599267482676,
        3.22251227846313,
        3.36976794532377,
        4.156676325089256,
        4.681840157674441,
        4.702443308237866,
        5.177754541496651,
        5.932061749645447,
        7.246802158803377,
        7.6976039493724775,
        10.120028451906279,
        11.730985282851462,
        15.400612150477087,
        16.316930902290327,
        18.921151676661726,
        24.7884693064854,
        59.09157207878516
      ]
    },
    "x=2, y=3": {
      "dimension": 14014,
      "eigenvalues": [
        0.8943601089738878,
        1.4862387381661897,
        2.0419080828607443,
        2.2545267020792594,
        2.5856438929420946,
        3.1203824130539974,
        3.8766251494660873,
        3.904089712890188,
        4.447072019647952,
        4.711942210818981,
        5.291307356953143,
        5.676594466370903,
        6.276137723340314,
        7.173286792613851
      ]
    },
    "x=2, y=6": {
      "dimension": 1001,
      "eigenvalues": []
    },
    "x=3, y=1": {
      "dimension": 16016,
      "eigenvalues": [
        1.0264893889413509,
        1.581447521028723,
        2.383385256833555,
        2.80909518446981,
        3.2734689926588154,
        3.8914873847622142,
        4.075406728463644,
        4.63036486055104,
        4.809095184469796,
        5.422221114222543,
        5.891487384762198,
        6.504613314514963,
        7.422221114222577,
        8.504613314514977
      ]
    },
    "x=3, y=4": {
      "dimension": 6006,
      "eigenvalues": []
    },
    "x=4, y=2": {
      "dimension": 12012,
      "eigenvalues": []
    },
    "x=4, y=5": {
      "dimension": 1001,
      "eigenvalues": []
    },
    "x=5, y=0": {
      "dimension": 7007,
      "eigenvalues": []
    },
    "x=5, y=3": {
      "dimension": 4368,
      "eigenvalues": []
    },
    "x=6, y=1": {
      "dimension": 5733,
      "eigenvalues": []
    }
  }
}