{
  "L": 10,
  "n": 1.414213562373095,
  "modules": {
    "x=0, y=2": {
      "dimension": 252,
      "eigenvalues": [
        1.7770774417392021,
        2.6568542494923806,
        3.368608638221649,
        6.5308862983900235,
        8.65685424949238,
        15.193485306737927
      ]
    },
    "x=0, y=5": {
      "dimension": 42,
      "eigenvalues": [
        1.414213562373095
      ]
    },
    "x=1, y=0": {
      "dimension": 210,
      "eigenvalues": [
        2.3107890345411466,
        3.7250025969142406,
        4.760278777324327,
        6.1744923396974185,
        22.62741699796951
      ]
    },
    "x=1, y=3": {
      "dimension": 288,
      "eigenvalues": [
        1.2103931359962954,
        2.2103931359962945,
        3.446461113496089,
        4.44646111349608
      ]
    },
    "x=2, y=1": {
      "dimension": 450,
      "eigenvalues": [
        1.4142135623730947,
        2.310789034541149,
        3.725002596914241,
        4.760278777324334,
        6.1744923396974265
      ]
    },
    "x=2, y=4": {
      "dimension": 90,
      "eigenvalues": []
    },
    "x=3, y=2": {
      "dimension": 315,
      "eigenvalues": []
    },
    "x=4, y=0": {
      "dimension": 225,
      "eigenvalues": []
    }
  }
}