{
  "L": 12,
  "n": 1.414213562373095,
  "modules": {
    "x=0, y=0": {
      "dimension": 462,
      "eigenvalues": [
        2.4791452195394155,
        4.8720249325451785,
        5.6568542494923815,
        6.790965471646358,
        45.25483399593901
      ]
    },
    "x=0, y=3": {
      "dimension": 1320,
      "eigenvalues": [
        1.3244051319420194,
        1.874915389158842,
        2.4254256463756616,
        2.8284271247461934,
        4.071067811865476,
        5.656854249492387,
        6.817730491788932,
        10.071067811865483,
        12.267220234572104,
        17.716709977355315
      ]
    },
    "x=0, y=6": {
      "dimension": 132,
      "eigenvalues": [
        1.414213562373095
      ]
    },
    "x=1, y=1": {
      "dimension": 2112,
      "eigenvalues": [
        1.53935197397225,
        2.126418078449339,
        2.1637819274402332,
        2.8142694536778863,
        3.290571279987769,
        3.9385539624026107,
        3.965550409996509,
        4.5862668985900505,
        5.554783709406251,
        5.5995981814474165,
        6.740299274974576,
        9.448882279391256,
        11.87080292957585,
        14.474391403480329,
        20.94382422132409,
        36.707156003700675
      ]
    },
    "x=1, y=4": {
      "dimension": 1155,
      "eigenvalues": [
        1.0963763171773118,
        1.8284271247461898,
        2.8284271247461907,
        3.8284271247461996,
        4.56047793231507
      ]
    },
    "x=2, y=2": {
      "dimension": 2673,
      "eigenvalues": [
        1.0963763171773155,
        1.8284271247461905,
        2.479145219539412,
        2.828427124746191,
        3.8284271247461943,
        4.560477932315066,
        4.872024932545186,
        5.656854249492378,
        6.790965471646357
      ]
    },
    "x=2, y=5": {
      "dimension": 297,
      "eigenvalues": []
    },
    "x=3, y=0": {
      "dimension": 1650,
      "eigenvalues": [
        1.414213562373094,
        3.1085294649653155,
        4.2426406871192945,
        5.027470004066488,
        7.420349717072259
      ]
    },
    "x=3, y=3": {
      "dimension": 1408,
      "eigenvalues": []
    },
    "x=4, y=1": {
      "dimension": 1925,
      "eigenvalues": []
    },
    "x=4, y=4": {
      "dimension": 275,
      "eigenvalues": []
    },
    "x=5, y=2": {
      "dimension": 891,
      "eigenvalues": []
    },
    "x=6, y=0": {
      "dimension": 616,
      "eigenvalues": []
    }
  }
}