{
  "L": 8,
  "n": 1.414213562373095,
  "modules": {
    "x=0, y=1": {
      "dimension": 42,
      "eigenvalues": [
        2.8284271247461907,
        4.242640687119283,
        11.31370849898476
      ]
    },
    "x=0, y=4": {
      "dimension": 14,
      "eigenvalues": [
        1.414213562373095
      ]
    },
    "x=1, y=2": {
      "dimension": 70,
      "eigenvalues": [
        1.4142135623730958,
        2.8284271247461894,
        4.242640687119285
      ]
    },
    "x=2, y=0": {
      "dimension": 56,
      "eigenvalues": [
        1.9543950758485475,
        5.116672736016924
      ]
    },
    "x=2, y=3": {
      "dimension": 28,
      "eigenvalues": []
    },
    "x=3, y=1": {
      "dimension": 64,
      "eigenvalues": []
    }
  }
}