{
  "L": 7,
  "n": 1.414213562373095,
  "modules": {
    "x=0, y=2": {
      "dimension": 21,
      "eigenvalues": [
        0.6570769172228297,
        2.529316580128841,
        4.813606502648334
      ]
    },
    "x=1, y=0": {
      "dimension": 21,
      "eigenvalues": [
        0.9999999999999993,
        1.0,
        7.999999999999998
      ]
    },
    "x=1, y=3": {
      "dimension": 14,
      "eigenvalues": [
        1.0
      ]
    },
    "x=2, y=1": {
      "dimension": 35,
      "eigenvalues": [
        1.0,
        1.0
      ]
    }
  }
}