{
  "central_charge": {
    "L_values": [
      6,
      9
    ],
    "f_L_values": [
      0.29592393600000005,
      0.5558638336030366
    ],
    "fit_success": false
  },
  "conformal_dimensions": {
    "x=0, y=0": {
      "0": {
        "L_vals": [
          6,
          9
        ],
        "h_vals": [
          0.0,
          0.0
        ],
        "fit_success": true,
        "h_inf": 2.76166654e-316,
        "slope": -1.98839989e-315
      }
    },
    "x=0, y=3": {
      "0": {
        "L_vals": [
          6,
          9
        ],
        "h_vals": [
          2.517596190251576,
          12.761709813623064
        ],
        "fit_success": true,
        "h_inf": 33.24993706036604,
        "slope": -184.39404522068676
      }
    },
    "x=1, y=1": {
      "0": {
        "L_vals": [
          6,
          9
        ],
        "h_vals": [
          2.2807736349308354,
          3.112657466850293
        ],
        "fit_success": true,
        "h_inf": 4.776425130689208,
        "slope": -14.973908974550234
      },
      "1": {
        "L_vals": [
          6,
          9
        ],
        "h_vals": [
          1.007534090195672,
          8.565463245662635
        ],
        "fit_success": true,
        "h_inf": 23.68132155659656,
        "slope": -136.04272479840535
      }
    },
    "x=2, y=2": {},
    "x=3, y=0": {},
    "x=1, y=4": {
      "0": {
        "L_vals": [
          9
        ],
        "h_vals": [
          13.376963583685948
        ],
        "fit_success": false
      }
    },
    "x=3, y=3": {},
    "x=4, y=1": {}
  }
}