{
  "central_charge": {
    "L_values": [
      12,
      15,
      18
    ],
    "f_L_values": [
      -1.2963624321753373,
      -1.319932658213713,
      -1.3356461416518868
    ],
    "fit_success": true,
    "f_inf": -1.41421359145078,
    "f_sur": 0.707107220045858,
    "vFc": 4.956961651175785e-05
  },
  "conformal_dimensions": {
    "x=0, y=0": {
      "0": {
        "L_vals": [
          12,
          15,
          18
        ],
        "h_vals": [
          0.0,
          0.0,
          0.0
        ],
        "fit_success": true,
        "h_inf": 2.27181e-317,
        "slope": -3.31561457e-316
      },
      "1": {
        "L_vals": [
          12,
          15,
          18
        ],
        "h_vals": [
          0.49673777690699744,
          0.3920144179641629,
          0.3240857008294983
        ],
        "fit_success": true,
        "h_inf": -0.021963262814117968,
        "slope": 6.220837382317199
      },
      "2": {
        "L_vals": [
          12,
          15,
          18
        ],
        "h_vals": [
          0.6625268369234578,
          0.5368006330902025,
          0.5569028953025468
        ],
        "fit_success": true,
        "h_inf": 0.30463405759877293,
        "slope": 4.097812828475142
      },
      "3": {
        "L_vals": [
          12,
          15,
          18
        ],
        "h_vals": [
          0.7708264052384923,
          0.6484066443148478,
          0.6438773710348906
        ],
        "fit_success": true,
        "h_inf": 0.359551443884733,
        "slope": 4.789245837443957
      },
      "4": {
        "L_vals": [
          12,
          15,
          18
        ],
        "h_vals": [
          0.8183841928855863,
          0.7815565925591104,
          0.7072254619280526
        ],
        "fit_success": true,
        "h_inf": 0.504557760688884,
        "slope": 3.860236047435053
      },
      "5": {
        "L_vals": [
          12,
          15,
          18
        ],
        "h_vals": [
          0.9902552856086013,
          0.8807128493745864,
          0.8842582766852377
        ],
        "fit_success": true,
        "h_inf": 0.6420377922096884,
        "slope": 4.033522875894733
      },
      "6": {
        "L_vals": [
          12,
          15,
          18
        ],
        "h_vals": [
          1.142663875996481,
          1.0015360758977452,
          0.9970003942216031
        ],
        "fit_success": true,
        "h_inf": 0.6703249232116881,
        "slope": 5.498394699068828
      },
      "7": {
        "L_vals": [
          12,
          15,
          18
        ],
        "h_vals": [
          1.21130317379597,
          1.1738148261619468,
          1.1426284391342432
        ],
        "fit_success": true,
        "h_inf": 1.0077240311022448,
        "slope": 2.4546860065236755
      },
      "8": {
        "L_vals": [
          12,
          15,
          18
        ],
        "h_vals": [
          1.4377816394396932,
          1.3501393185286696,
          1.3980355867219245
        ],
        "fit_success": true,
        "h_inf": 1.276573303619832,
        "slope": 1.733043083501167
      },
      "9": {
        "L_vals": [
          12,
          15,
          18
        ],
        "h_vals": [
          1.5147991058043417,
          1.5593431514993432,
          1.6350368253332288
        ],
        "fit_success": true,
        "h_inf": 1.8573552994412583,
        "slope": -4.197827751281514
      },
      "10": {
        "L_vals": [
          12,
          15,
          18
        ],
        "h_vals": [
          1.703028629484458,
          1.7575409359683405,
          1.92452050265209
        ],
        "fit_success": true,
        "h_inf": 2.3159366024071195,
        "slope": -7.602420352458531
      },
      "11": {
        "L_vals": [
          12,
          15,
          18
        ],
        "h_vals": [
          1.7884930084059938,
          1.9615562005965155,
          2.177011548525477
        ],
        "fit_success": true,
        "h_inf": 2.9145434134130253,
        "slope": -13.702229914712596
      },
      "12": {
        "L_vals": [
          12,
          15,
          18
        ],
        "h_vals": [
          2.0621202814524846,
          2.271740023733612,
          2.525764629366597
        ],
        "fit_success": true,
        "h_inf": 3.407943543692374,
        "slope": -16.36640609043235
      },
      "13": {
        "L_vals": [
          12,
          15,
          18
        ],
        "h_vals": [
          2.256707187060584,
          2.500932001964321,
          2.796289861657858
        ],
        "fit_success": true,
        "h_inf": 3.823136258681481,
        "slope": -19.048279745002727
      },
      "14": {
        "L_vals": [
          12,
          15,
          18
        ],
        "h_vals": [
          2.5224628381358736,
          2.881294663862467,
          3.2089482018758457
        ],
        "fit_success": true,
        "h_inf": 4.547011432787686,
        "slope": -24.46213910832447
      },
      "15": {
        "L_vals": [
          12,
          15,
          18
        ],
        "h_vals": [
          2.7980475689471405,
          3.1916303787134006,
          3.5653085994786373
        ],
        "fit_success": true,
        "h_inf": 5.055900525016609,
        "slope": -27.30510013578156
      },
      "16": {
        "L_vals": [
          12,
          15,
          18
        ],
        "h_vals": [
          3.018668707021968,
          3.4727117386125763,
          4.066684423164732
        ],
        "fit_success": true,
        "h_inf": 6.0477379619666936,
        "slope": -36.90072494805801
      },
      "17": {
        "L_vals": [
          12,
          15,
          18
        ],
        "h_vals": [
          3.311353089678092,
          3.8560644683523373,
          4.454158833206953
        ],
        "fit_success": true,
        "h_inf": 6.647025530847885,
        "slope": -40.47324422014335
      },
      "18": {
        "L_vals": [
          12,
          15,
          18
        ],
        "h_vals": [
          3.6201958392105325,
          4.382802464494127,
          5.04419442099348
        ],
        "fit_success": true,
        "h_inf": 7.831801766987095,
        "slope": -50.829142260665385
      },
      "19": {
        "L_vals": [
          12,
          15,
          18
        ],
        "h_vals": [
          3.9149957307549372,
          4.680684160802782,
          5.5363666377976095
        ],
        "fit_success": true,
        "h_inf": 8.642836028189802,
        "slope": -57.38819134969023
      },
      "20": {
        "L_vals": [
          12,
          15,
          18
        ],
        "h_vals": [
          4.236602614285685,
          5.280121252667385,
          6.255848589071127
        ],
        "fit_success": true,
        "h_inf": 10.183795179109486,
        "slope": -71.89692850364209
      },
      "21": {
        "L_vals": [
          12,
          15,
          18
        ],
        "h_vals": [
          4.587058529729287,
          5.641847310775977,
          6.713426186092774
        ],
        "fit_success": true,
        "h_inf": 10.820745836546639,
        "slope": -75.50224289047387
      },
      "22": {
        "L_vals": [
          12,
          15,
          18
        ],
        "h_vals": [
          4.915940888320934,
          6.294331808929915,
          7.568844402901947
        ],
        "fit_success": true,
        "h_inf": 12.734288820701689,
        "slope": -94.49391581490278
      },
      "23": {
        "L_vals": [
          12,
          15,
          18
        ],
        "h_vals": [
          5.530902542791843,
          6.82946360185925,
          8.319224749397138
        ],
        "fit_success": true,
        "h_inf": 13.649532130570458,
        "slope": -98.60597269133359
      },
      "24": {
        "L_vals": [
          12,
          15,
          18
        ],