{
  "E+H+H2": {
    "sequential": {
      "0.5": {
        "4": {
          "real": 5.179521460615609,
          "imag": -5.8386475972898486e-24,
          "abs": 5.179521460615609
        },
        "5": {
          "real": 3.848013316114569,
          "imag": -1.1324387218699728e-16,
          "abs": 3.848013316114569
        },
        "6": {
          "real": 28.540172772143972,
          "imag": 1.9721522630525295e-31,
          "abs": 28.540172772143972
        }
      },
      "0.8": {
        "4": {
          "real": 8.46205923489324,
          "imag": 2.6674673380817e-24,
          "abs": 8.46205923489324
        },
        "5": {
          "real": 6.85959150563786,
          "imag": 1.5725117696683823e-16,
          "abs": 6.85959150563786
        },
        "6": {
          "real": 49.22947800067621,
          "imag": 1.734723475976807e-18,
          "abs": 49.22947800067621
        }
      },
      "1.0": {
        "4": {
          "real": 11.385164807134505,
          "imag": 3.564164585404332e-21,
          "abs": 11.385164807134505
        },
        "5": {
          "real": 9.717285736954862,
          "imag": 9.855081516745056e-24,
          "abs": 9.717285736954862
        },
        "6": {
          "real": 69.23416678760903,
          "imag": -1.3869740994815541e-17,
          "abs": 69.23416678760903
        }
      },
      "1.2": {
        "4": {
          "real": 15.031758253180474,
          "imag": -3.634017658582883e-27,
          "abs": 15.031758253180474
        },
        "5": {
          "real": 13.488072248680478,
          "imag": -7.441184441629028e-19,
          "abs": 13.488072248680478
        },
        "6": {
          "real": 96.04295524953467,
          "imag": 0.0,
          "abs": 96.04295524953467
        }
      },
      "1.5": {
        "4": {
          "real": 22.20941333863928,
          "imag": -3.341194983418981e-24,
          "abs": 22.20941333863928
        },
        "5": {
          "real": 21.40963975527807,
          "imag": 9.454466394637618e-25,
          "abs": 21.40963975527807
        },
        "6": {
          "real": 153.99277067291825,
          "imag": -4.9303791147949664e-32,
          "abs": 153.99277067291825
        }
      },
      "1.8": {
        "4": {
          "real": 32.0803586724184,
          "imag": 3.02151651285946e-24,
          "abs": 32.0803586724184
        },
        "5": {
          "real": 32.971790948070925,
          "imag": 9.886378147333248e-38,
          "abs": 32.971790948070925
        },
        "6": {
          "real": 243.3835024127901,
          "imag": -6.44649842281828e-42,
          "abs": 243.3835024127901
        }
      },
      "2.0": {
        "4": {
          "real": 40.617556776952654,
          "imag": 2.148152626810687e-24,
          "abs": 40.617556776952654
        },
        "5": {
          "real": 43.30289651527746,
          "imag": 2.277545995404892e-23,
          "abs": 43.30289651527746
        },
        "6": {
          "real": 328.84653493953255,
          "imag": 4.930380510493899e-32,
          "abs": 328.84653493953255
        }
      }
    },
    "staggered": {
      "0.5": {
        "4": {
          "real": 5.17952146061561,
          "imag": 0.0,
          "abs": 5.17952146061561
        },
        "5": {
          "real": 3.848013316114565,
          "imag": -6.014557787708459e-18,
          "abs": 3.848013316114565
        },
        "6": {
          "real": 28.540172772143947,
          "imag": -2.3834890541461477e-34,
          "abs": 28.540172772143947
        }
      },
      "0.8": {
        "4": {
          "real": 8.462059234893234,
          "imag": 6.148249859010668e-18,
          "abs": 8.462059234893234
        },
        "5": {
          "real": 6.859591505637877,
          "imag": -1.8231174446002006e-17,
          "abs": 6.859591505637877
        },
        "6": {
          "real": 49.22947800067626,
          "imag": 0.0,
          "abs": 49.22947800067626
        }
      },
      "1.0": {
        "4": {
          "real": 11.385164807134492,
          "imag": 0.0,
          "abs": 11.385164807134492
        },
        "5": {
          "real": 9.7172857369549,
          "imag": -6.134925633464834e-18,
          "abs": 9.7172857369549
        },
        "6": {
          "real": 69.23416678760918,
          "imag": 1.3875670225446321e-17,
          "abs": 69.23416678760918
        }
      },
      "1.2": {
        "4": {
          "real": 15.03175825318051,
          "imag": 0.0,
          "abs": 15.03175825318051
        },
        "5": {
          "real": 13.488072248680472,
          "imag": -5.821760678817503e-17,
          "abs": 13.488072248680472
        },
        "6": {
          "real": 96.04295524953491,
          "imag": 6.130683668379227e-46,
          "abs": 96.04295524953491
        }
      },
      "1.5": {
        "4": {
          "real": 22.20941333863923,
          "imag": 1.0139857881360831e-17,
          "abs": 22.20941333863923
        },
        "5": {
          "real": 21.409639755278057,
          "imag": 0.0,
          "abs": 21.409639755278057
        },
        "6": {
          "real": 153.992770672919,
          "imag": -1.7096440347882236e-36,
          "abs": 153.992770672919
        }
      },
      "1.8": {
        "4": {
          "real": 32.080358672418406,
          "imag": 0.0,
          "abs": 32.080358672418406
        },
        "5": {
          "real": 32.97179094807085,
          "imag": -2.505179706235619e-31,
          "abs": 32.97179094807085
        },
        "6": {
          "real": 243.3835024127902,
          "imag": 3.9029942394727715e-21,
          "abs": 243.3835024127902
        }
      },
      "2.0": {
        "4": {
          "real": 40.61755677695266,
          "imag": 0.0,
          "abs": 40.61755677695266
        },
        "5": {
          "real": 43.30289651527739,
          "imag": 0.0,
          "abs": 43.30289651527739
        },
        "6": {
          "real": 328.8465349395314,
          "imag": -4.774813945979864e-41,
          "abs": 328.8465349395314
        }
      }
    }
  },
  "E+H": {
    "sequential": {
      "0.5": {
        "4": {
          "real": -0.9999999999999997,
          "imag": 0.0,
          "abs": 0.9999999999999997
        },
        "5": {
          "real": -0.8889547657131256,
          "imag": -0.6458634427636267,
          "abs": 1.098808519343822
        },
        "6": {
          "real": -1.7500000000000029,
          "imag": 5.273483068567828e-16,
          "abs": 1.7500000000000029
        }
      },
      "0.8": {
        "4": {
          "real": 1.6000000000000005,
          "imag": -2.244819580602736e-40,
          "abs": 1.6000000000000005
        },
        "5": {
          "real": -1.471339098041042,
          "imag": 1.0689904278438636,
          "abs": 1.8186751431319539
        },
        "6": {
          "real": 2.8998461447417556,
          "imag": 4.571792606286261e-16,
          "abs": 2.8998461447417556
        }
      },
      "1.0": {
        "4": {
          "real": -1.9999999999999993,
          "imag": 0.0,
          "abs": 1.9999999999999993
        },
        "5": {
          "real": -1.948294696665342,
          "imag": 1.4155189542146749,
          "abs": 2.4082246852806954
        },
        "6": {
          "real": 3.7320508075688825,
          "imag": -1.7010888348031937e-16,
          "abs": 3.7320508075688825
        }
      },
      "1.2": {
        "4": {
          "real": -2.4,
          "imag": 0.0,
          "abs": 2.4
        },
        "5": {
          "real": -2.515066053548179,
          "imag": 1.8273024486453622,
          "abs": 3.108792610087676
        },
        "6": {
          "real": -4.625668438918992,
          "imag": -1.5494631941940839e-16,
          "abs": 4.625668438918992
        }
      },
      "1.5": {
        "4": {
          "real": -2.999999999999999,
          "imag": 0.0,
          "abs": 2.999999999999999
        },