{
  "n=0.50_x=0.50": {
    "C": 8.244773624288278,
    "A": -0.6122307062463467,
    "B": -0.9230029743753669,
    "L": [
      3,
      4,
      5,
      6
    ],
    "lam": [
      1.0,
      4.023144149978098,
      8.814089545808198,
      27.488177998665115
    ]
  },
  "n=0.50_x=1.00": {
    "C": 19.651664551937223,
    "A": -0.39949814351232865,
    "B": -5.371211764375219,
    "L": [
      3,
      4,
      5,
      6
    ],
    "lam": [
      1.0,
      8.957359970730261,
      23.864182124705643,
      104.18143581251516
    ]
  },
  "n=1.00_x=0.50": {
    "C": 27.742665301276226,
    "A": 0.17877317299750592,
    "B": -9.814774066862038,
    "L": [
      3,
      4,
      5,
      6
    ],
    "lam": [
      1.0,
      10.845437163399735,
      18.97678043297518,
      78.69290966929678
    ]
  },
  "n=1.00_x=1.00": {
    "C": 37.704842410456564,
    "A": 0.3240759114528827,
    "B": -13.572121944575974,
    "L": [
      3,
      4,
      5,
      6
    ],
    "lam": [
      1.0,
      21.637201913440812,
      53.074618080747854,
      269.46360314696733
    ]
  }
}