{
  "x=0.50_y=0.50": {
    "C": 65.31388428958815,
    "A": 3.06155672733786,
    "B": -29.569670584089735,
    "L": [
      3,
      4,
      5
    ],
    "lam": [
      0.25,
      2.7046502391800957,
      3.3171636300467444
    ]
  },
  "x=1.00_y=0.50": {
    "C": 54.72818273581343,
    "A": 2.17693744105104,
    "B": -24.773539901757594,
    "L": [
      3,
      4,
      5
    ],
    "lam": [
      1.0,
      10.845437163399716,
      18.976780432975183
    ]
  },
  "x=0.50_y=1.00": {
    "C": 79.41089380995102,
    "A": 3.248783911587284,
    "B": -34.8303553102923,
    "L": [
      3,
      4,
      5
    ],
    "lam": [
      0.25,
      7.260844986981787,
      14.943209615993121
    ]
  },
  "x=1.00_y=1.00": {
    "C": 65.31388428958829,
    "A": 2.368409546777923,
    "B": -28.87652340352986,
    "L": [
      3,
      4,
      5
    ],
    "lam": [
      1.0,
      21.637201913440805,
      53.07461808074787
    ]
  }
}