{
  "n=0.50_x=0.50": {
    "C": 11.214259897465539,
    "A": -0.25205866929268717,
    "B": -2.994298137819666,
    "L": [
      3,
      4,
      5,
      6
    ],
    "lam": [
      1.0,
      3.622110342230564,
      6.294591107210105,
      15.436069451812992
    ]
  },
  "n=0.50_x=1.00": {
    "C": 19.651664551937163,
    "A": -0.3994981435123317,
    "B": -5.37121176437519,
    "L": [
      3,
      4,
      5,
      6
    ],
    "lam": [
      1.0,
      8.957359970730245,
      23.86418212470564,
      104.18143581251513
    ]
  },
  "n=1.00_x=0.50": {
    "C": 22.888510778425502,
    "A": 0.17029958385710695,
    "B": -8.160845198310613,
    "L": [
      3,
      4,
      5,
      6
    ],
    "lam": [
      1.0,
      6.705248473614877,
      11.561916035476349,
      32.71516494579615
    ]
  },
  "n=1.00_x=1.00": {
    "C": 37.70484241045654,
    "A": 0.3240759114528813,
    "B": -13.572121944575965,
    "L": [
      3,
      4,
      5,
      6
    ],
    "lam": [
      1.0,
      21.63720191344077,
      53.0746180807479,
      269.46360314696733
    ]
  }
}