{
  "x=0.50_y=0.50": {
    "C": 86.79288977922874,
    "A": 2.4668792786742664,
    "B": -37.331601095765706,
    "L": [
      3,
      4,
      5
    ],
    "lam": [
      1.0,
      5.765861536261465,
      7.638626746548641
    ]
  },
  "x=1.00_y=0.50": {
    "C": 86.79288977922747,
    "A": 1.9668792786741671,
    "B": -36.83160109576498,
    "L": [
      3,
      4,
      5
    ],
    "lam": [
      2.0,
      7.265861536261457,
      9.638626746548669
    ]
  },
  "x=0.50_y=1.00": {
    "C": 110.8749970398125,
    "A": 3.626889163046278,
    "B": -48.838999835742996,
    "L": [
      3,
      4,
      5
    ],
    "lam": [
      1.0,
      6.6126939236047715,
      8.529554612549127
    ]
  },
  "x=1.00_y=1.00": {
    "C": 110.87499703981152,
    "A": 3.1268891630462,
    "B": -48.33899983574243,
    "L": [
      3,
      4,
      5
    ],
    "lam": [
      2.0,
      8.112693923604764,
      10.529554612549148
    ]
  }
}