{
  "L": 15,
  "n": 1.414213562373095,
  "modules": {
    "x=0, y=0": {
      "dimension": 6006,
      "eigenvalues": [
        127.99999999999972,
        29.448904033857843,
        23.295484358124956,
        19.19203023695621,
        17.05964850293034,
        9.469262160931956,
        8.22290122181554,
        6.313476504814143,
        3.9346585717869056,
        3.195157185613595,
        2.5142012239391933,
        2.3453476038915824,
        2.2969623324830195,
        0.6510546827546387,
        0.6198482443248738
      ]
    }
  }
}