{
  "L": 11,
  "n": 1.414213562373095,
  "modules": {
    "x=0, y=1": {
      "dimension": 462,
      "eigenvalues": [
        0.5805596727574223,
        0.6236903852975707,
        0.6358270879032721,
        1.250478754049865,
        1.25743693714788,
        1.4672907090569005,
        1.695598996623932,
        7.754674417199702,
        9.850722923607867,
        14.88372011635558,
        31.999999999999943
      ]
    },
    "x=0, y=4": {
      "dimension": 330,
      "eigenvalues": [
        0.40694734466113497,
        1.28104664910843,
        2.693888442689861,
        4.2250272471852615,
        5.393090316355314
      ]
    },
    "x=1, y=2": {
      "dimension": 990,
      "eigenvalues": [
        0.40694734466113647,
        0.5805596727574222,
        0.623690385297572,
        0.6358270879032716,
        1.2504787540498632,
        1.2574369371478826,
        1.2810466491084302,
        1.4672907090569,
        1.6955989966239324,
        2.693888442689863,
        4.225027247185274,
        5.393090316355324,
        7.754674417199685,
        9.850722923607885,
        14.883720116355589
      ]
    },
    "x=1, y=5": {
      "dimension": 132,
      "eigenvalues": [
        1.0
      ]
    },
    "x=2, y=0": {
      "dimension": 660,
      "eigenvalues": [
        0.5599583966057959,
        0.7327996315643074,
        0.7446129152911704,
        0.825323453905988,
        0.8370192271169243,
        2.1319427641138406,
        3.146591049829719,
        5.517727957085978,
        7.135337556254797,
        18.36868704823147
      ]
    },
    "x=2, y=3": {
      "dimension": 693,
      "eigenvalues": [
        1.0,
        1.0,
        1.0,
        1.0
      ]
    },
    "x=3, y=1": {
      "dimension": 990,
      "eigenvalues": [
        1.0,
        1.0,
        1.0,
        1.0,
        1.0
      ]
    },
    "x=3, y=4": {
      "dimension": 165,
      "eigenvalues": []
    },
    "x=4, y=2": {
      "dimension": 550,
      "eigenvalues": []
    },
    "x=5, y=0": {
      "dimension": 385,
      "eigenvalues": []
    }
  }
}