{
  "L": 9,
  "n": 1.414213562373095,
  "modules": {
    "x=0, y=0": {
      "dimension": 42,
      "eigenvalues": [
        16.000000000000004,
        0.9999999999999983
      ]
    }
  }
}