{
  "L": 18,
  "n": 1.414213562373095,
  "modules": {
    "x=0, y=0": {
      "dimension": 87516,
      "eigenvalues": [
        362.03867196751196,
        108.26214482440028,
        84.57322239408738,
        68.72894351358794,
        59.40651740457536,
        54.549880136922944,
        34.94083613380411,
        29.691139493159774,
        27.072464484316523,
        26.740291810194357,
        22.999554004634565,
        20.962310136978772,
        20.768491678160203,
        18.244860176899078,
        17.780693762602322
      ]
    }
  }
}