{
  "L": 13,
  "n": 1.414213562373095,
  "modules": {
    "x=0, y=2": {
      "dimension": 3432,
      "eigenvalues": [
        0.38328384630962353,
        0.42765414862195955,
        0.44372100766624806,
        0.4500629360363165,
        0.8197762715853342,
        0.861262251247086,
        0.875461614730821,
        1.1651221449935756,
        1.195058680086948,
        1.3261311047060929,
        1.3943631327495587,
        1.5728706730508868,
        1.593949597573661,
        1.7060362732646999,
        1.7213277916980656,
        1.80734192066612,
        4.312735497554712,
        5.813123925714508,
        6.881912978139641,
        8.70366220841308,
        10.24558229321316,
        13.478521701624455,
        17.597036598239157,
        20.870679052065306,
        28.20868797666012,
        46.14463437338888
      ]
    },
    "x=0, y=5": {
      "dimension": 1287,
      "eigenvalues": [
        0.3512266108534804,
        1.0000000000000002,
        2.0931895129719345,
        3.4045437490125567,
        4.638214929809769,
        5.512825197352264
      ]
    },
    "x=1, y=0": {
      "dimension": 2574,
      "eigenvalues": [
        0.543602996929683,
        0.5651454470270248,
        0.5833657249584561,
        0.5903744111757315,
        0.6660376121753687,
        0.6745221762520204,
        0.7030189758841401,
        0.7291460874772225,
        1.637822792204583,
        1.6613504992960808,
        1.8035793797948867,
        2.315601350297965,
        2.8041423168858732,
        4.9853280774883695,
        7.157033877046027,
        8.60721964478122,
        11.554321548370051,
        13.642137914548771,
        18.05824306098156,
        24.718006106424934,
        63.99999999999996
      ]
    },
    "x=1, y=3": {
      "dimension": 5148,
      "eigenvalues": [
        0.3029172579178951,
        0.46020383977107104,
        0.5200645096586023,
        0.5405821119224363,
        0.5484360771601464,
        1.1095387526544527,
        1.1237917082014404,
        1.123906540450918,
        1.1240306380596028,
        1.3239260305064702,
        1.3850361352871534,
        1.4022112439684933,
        1.5019169187809263,
        1.7956254916605268,
        1.9007123896844058,
        3.0119800159881662,
        4.0741146247089235,
        4.829419049991899,
        5.090505691841492,
        6.902444265931552,
        8.190655786406467,
        10.591832189582343,
        12.510443190587926,
        16.63570553927667
      ]
    },
    "x=1, y=6": {
      "dimension": 429,
      "eigenvalues": [
        1.0
      ]
    },
    "x=2, y=1": {
      "dimension": 6435,
      "eigenvalues": [
        0.3512266108534804,
        0.5436029969296853,
        0.5651454470270242,
        0.5833657249584553,
        0.590374411175732,
        0.6660376121753667,
        0.6745221762520208,
        0.70301897588414,
        0.7291460874772218,
        0.9999999999999982,
        0.9999999999999983,
        0.9999999999999991,
        1.0000000000000004,
        1.0000000000000004,
        1.6378227922045832,
        1.6613504992960817,
        1.8035793797948896,
        2.0931895129719362,
        2.315601350297967,
        2.80414231688588,
        3.4045437490125563,
        4.638214929809774,
        4.985328077488363,
        5.51282519735225,
        7.1570338770460316,
        8.607219644781212,
        11.554321548370048,
        13.64213791454877,
        18.05824306098158,
        24.71800610642496
      ]
    },
    "x=2, y=4": {
      "dimension": 2860,
      "eigenvalues": [
        1.0,
        1.0,
        1.0,
        1.0,
        1.0
      ]
    },
    "x=3, y=2": {
      "dimension": 6006,
      "eigenvalues": [
        1.0,
        1.0,
        1.0,
        1.0,
        1.0,
        1.0,
        1.0,
        1.0,
        1.0
      ]
    },
    "x=3, y=5": {
      "dimension": 572,
      "eigenvalues": []
    },
    "x=4, y=0": {
      "dimension": 3575,
      "eigenvalues": [
        1.0,
        1.0,
        1.0,
        1.0,
        1.0
      ]
    },
    "x=4, y=3": {
      "dimension": 2574,
      "eigenvalues": []
    },
    "x=5, y=1": {
      "dimension": 3432,
      "eigenvalues": []
    }
  }
}