{
  "L": 6,
  "n": 1.372,
  "operator": "T",
  "modules": {
    "x=0, y=0": {
      "dimension": 5,
      "eigenvalues": [
        5.326630847999998
      ]
    },
    "x=0, y=3": {
      "dimension": 5,
      "eigenvalues": [
        1.3720000000000003
      ]
    },
    "x=1, y=1": {
      "dimension": 16,
      "eigenvalues": [
        3.743999999999999,
        1.7440000000000009
      ]
    },
    "x=2, y=2": {
      "dimension": 9,
      "eigenvalues": []
    },
    "x=3, y=0": {
      "dimension": 10,
      "eigenvalues": []
    }
  }
}