{
  "L": 11,
  "n": 1.414213562373095,
  "operator": "T",
  "modules": {
    "x=0, y=1": {
      "dimension": 462,
      "eigenvalues": [
        32.00000000000007,
        14.883720116355562,
        9.850722923607847,
        7.7546744171996975,
        1.6955989966239302,
        1.4672907090569092,
        1.2574369371478817,
        1.2504787540498614,
        0.6358270879032467,
        0.6236903852975717
      ]
    },
    "x=0, y=4": {
      "dimension": 330,
      "eigenvalues": [
        5.393090316355313,
        4.225027247185259,
        2.6938884426898584,
        1.2810466491084287,
        0.4069473446611362
      ]
    },
    "x=1, y=2": {
      "dimension": 990,
      "eigenvalues": [
        14.883720116355637,
        9.85072292360784,
        7.754674417199713,
        5.3930903163553126,
        4.225027247185267,
        2.6938884426898686,
        1.695598996623932,
        1.4672907090569043,
        1.2810466491084311,
        1.257436937147884
      ]
    },
    "x=1, y=5": {
      "dimension": 132,
      "eigenvalues": [
        1.0000000000000004
      ]
    },
    "x=2, y=0": {
      "dimension": 660,
      "eigenvalues": [
        18.368687048231504,
        7.1353375562548,
        5.5177279570859765,
        3.146591049829712,
        2.1319427641138353,
        0.8370192271169231,
        0.8253234539059892,
        0.7446129152911724,
        0.7327996315643069,
        0.5599583966057974
      ]
    },
    "x=2, y=3": {
      "dimension": 693,
      "eigenvalues": [
        1.0000000000000022
      ]
    },
    "x=3, y=1": {
      "dimension": 990,
      "eigenvalues": [
        1.0000000000000007
      ]
    },
    "x=3, y=4": {
      "dimension": 165,
      "eigenvalues": []
    },
    "x=4, y=2": {
      "dimension": 550,
      "eigenvalues": []
    },
    "x=5, y=0": {
      "dimension": 385,
      "eigenvalues": []
    }
  }
}