{
  "L": 6,
  "n": 1.372,
  "operator": "H",
  "modules": {
    "x=0, y=0": {
      "dimension": 5,
      "eigenvalues": [
        6.931763564117706,
        5.237096509987056,
        4.1160000000000325
      ]
    },
    "x=0, y=3": {
      "dimension": 5,
      "eigenvalues": [
        5.901957788881193,
        3.5229022852235765,
        2.743999999999999
      ]
    },
    "x=1, y=1": {
      "dimension": 16,
      "eigenvalues": [
        6.7306098200746005,
        6.073741192646714,
        5.68391625392697
      ]
    },
    "x=2, y=2": {
      "dimension": 9,
      "eigenvalues": [
        5.296030560791474,
        4.164318274014272,
        3.381710150341668
      ]
    },
    "x=3, y=0": {
      "dimension": 10,
      "eigenvalues": [
        5.476050807568869,
        4.476050807568876,
        3.744000000000002
      ]
    }
  }
}