{
  "L": 9,
  "n": 1.372,
  "modules": {
    "x=0, y=0": {
      "dimension": 42,
      "eigenvalues": [
        15.008323507281988,
        0.9226380381463871,
        0.9067119780276288
      ]
    },
    "x=0, y=3": {
      "dimension": 84,
      "eigenvalues": [
        5.0061660868869655,
        3.435043506138253,
        1.6442922413743255,
        0.4440341656004604
      ]
    },
    "x=1, y=1": {
      "dimension": 168,
      "eigenvalues": [
        11.748756230282556,
        6.038591371559615,
        4.137321066641341,
        1.4856595251017808,
        1.3352194170183225,
        0.7302381664454354,
        0.7032154569835115,
        0.5272227659674659
      ]
    },
    "x=1, y=4": {
      "dimension": 42,
      "eigenvalues": [
        1.0
      ]
    },
    "x=2, y=2": {
      "dimension": 162,
      "eigenvalues": [
        1.0,
        1.0,
        1.0
      ]
    },
    "x=3, y=0": {
      "dimension": 120,
      "eigenvalues": [
        1.0,
        1.0
      ]
    },
    "x=3, y=3": {
      "dimension": 48,
      "eigenvalues": []
    },
    "x=4, y=1": {
      "dimension": 105,
      "eigenvalues": []
    }
  }
}