{
  "L": 6,
  "n": 1.372,
  "modules": {
    "x=0, y=0": {
      "dimension": 5,
      "eigenvalues": [
        5.326630848000001
      ]
    },
    "x=0, y=3": {
      "dimension": 5,
      "eigenvalues": [
        1.3719999999999999
      ]
    },
    "x=1, y=1": {
      "dimension": 16,
      "eigenvalues": [
        3.743999999999999,
        1.743999999999998
      ]
    },
    "x=2, y=2": {
      "dimension": 9,
      "eigenvalues": []
    },
    "x=3, y=0": {
      "dimension": 10,
      "eigenvalues": []
    }
  }
}