{
  "L": 9,
  "n": 1.414213562373095,
  "modules": {
    "x=0, y=0": {
      "dimension": 42,
      "eigenvalues": [
        0.9999999999999989,
        0.9999999999999991,
        15.999999999999995
      ]
    },
    "x=0, y=3": {
      "dimension": 84,
      "eigenvalues": [
        0.4964955010604716,
        1.7356234068451217,
        3.576712516155784,
        5.191168575938619
      ]
    },
    "x=1, y=1": {
      "dimension": 168,
      "eigenvalues": [
        0.5965392579825287,
        0.7534180108022389,
        0.7728595390926286,
        1.3825634350930998,
        1.571256642860401,
        4.375926395982089,
        6.362840052885899,
        12.184596665301108
      ]
    },
    "x=1, y=4": {
      "dimension": 42,
      "eigenvalues": [
        1.0
      ]
    },
    "x=2, y=2": {
      "dimension": 162,
      "eigenvalues": [
        1.0,
        1.0,
        1.0
      ]
    },
    "x=3, y=0": {
      "dimension": 120,
      "eigenvalues": [
        1.0,
        1.0
      ]
    },
    "x=3, y=3": {
      "dimension": 48,
      "eigenvalues": []
    },
    "x=4, y=1": {
      "dimension": 105,
      "eigenvalues": []
    }
  }
}