{
  "L": 6,
  "n": 1.414213562373095,
  "lambda_0": 5.65685424949238,
  "k": 15,
  "conformal_dimensions": [
    {
      "rank": 0,
      "sector": "x=0, y=0",
      "eigenvalue": 5.65685424949238,
      "modulus": 5.65685424949238,
      "h_j": 0.0
    },
    {
      "rank": 1,
      "sector": "x=1, y=1",
      "eigenvalue": 3.828427124746189,
      "modulus": 3.828427124746189,
      "h_j": 0.7456356338882277
    },
    {
      "rank": 2,
      "sector": "x=1, y=1",
      "eigenvalue": 1.828427124746189,
      "modulus": 1.828427124746189,
      "h_j": 2.1570177422732417
    },
    {
      "rank": 3,
      "sector": "x=0, y=3",
      "eigenvalue": 1.414213562373095,
      "modulus": 1.414213562373095,
      "h_j": 2.647627201831819
    }
  ]
}