{
  "L": 6,
  "n": 1.372,
  "lambda_0": 5.326630848000001,
  "k": 5,
  "conformal_dimensions": [
    {
      "rank": 0,
      "sector": "x=0, y=0",
      "eigenvalue": 5.326630848000001,
      "modulus": 5.326630848000001,
      "h_j": 0.0
    },
    {
      "rank": 1,
      "sector": "x=1, y=1",
      "eigenvalue": 3.744000000000001,
      "modulus": 3.744000000000001,
      "h_j": 0.6733483442998768
    },
    {
      "rank": 2,
      "sector": "x=1, y=1",
      "eigenvalue": 1.7440000000000002,
      "modulus": 1.7440000000000002,
      "h_j": 2.13242974160756
    },
    {
      "rank": 3,
      "sector": "x=0, y=3",
      "eigenvalue": 1.372,
      "modulus": 1.372,
      "h_j": 2.5906275208306977
    }
  ]
}