{
  "L": 4,
  "mode": "numeric",
  "n": 1.372,
  "dtl_modules": {
    "L=4, j=0, p=4": {
      "dimension": 1,
      "basis": [
        "(0, 0, 0, 0)"
      ],
      "eigensystem": []
    },
    "L=4, j=0, p=2": {
      "dimension": 6,
      "basis": [
        "(0, 0, 1, -1)",
        "(0, 1, -1, 0)",
        "(0, 1, 0, -1)",
        "(1, -1, 0, 0)",
        "(1, 0, -1, 0)",
        "(1, 0, 0, -1)"
      ],
      "eigensystem": [
        {
          "eigenvalue": 2.7439999999999998,
          "multiplicity": 1,
          "eigenvectors": [
            [
              0.0,
              0.5,
              {
                "re": 0.34299999999999997,
                "im": -0.36380076965284175
              },
              0.0,
              {
                "re": 0.3430000000000001,
                "im": 0.3638007696528415
              },
              0.5000000000000001
            ]
          ]
        }
      ]
    },
    "L=4, j=0, p=0": {
      "dimension": 2,
      "basis": [
        "(1, -1, 1, -1)",
        "(1, 1, -1, -1)"
      ],
      "eigensystem": [
        {
          "eigenvalue": 1.372,
          "multiplicity": 1,
          "eigenvectors": [
            [
              1.0,
              0.0
            ]
          ]
        }
      ]
    },
    "L=4, j=1, p=3": {
      "dimension": 4,
      "basis": [
        "(0, 0, 0, 1)",
        "(0, 0, 1, 0)",
        "(0, 1, 0, 0)",
        "(1, 0, 0, 0)"
      ],
      "eigensystem": []
    },
    "L=4, j=1, p=1": {
      "dimension": 8,
      "basis": [
        "(0, 1, -1, 1)",
        "(0, 1, 1, -1)",
        "(1, -1, 0, 1)",
        "(1, -1, 1, 0)",
        "(1, 0, -1, 1)",
        "(1, 0, 1, -1)",
        "(1, 1, -1, 0)",
        "(1, 1, 0, -1)"
      ],
      "eigensystem": [
        {
          "eigenvalue": 1.372,
          "multiplicity": 1,
          "eigenvectors": [
            [
              -0.0,
              {
                "re": 0.3429999999999996,
                "im": -0.36380076965284214
              },
              {
                "re": 0.029404000000000777,
                "im": 0.49913465596369827
              },
              {
                "re": -0.3429999999999993,
                "im": 0.36380076965284186
              },
              -0.0,
              0.5000000000000003,
              -0.0,
              -0.0
            ]
          ]
        },
        {
          "eigenvalue": 2.743999999999998,
          "multiplicity": 1,
          "eigenvectors": [
            [
              0.0,
              {
                "re": 0.3429999999999998,
                "im": -0.3638007696528417
              },
              0.4999999999999997,
              {
                "re": 0.343,
                "im": 0.36380076965284147
              },
              0.0,
              0.5000000000000003,
              0.0,
              0.0
            ]
          ]
        }
      ]
    },
    "L=4, j=2, p=2": {
      "dimension": 6,
      "basis": [
        "(0, 0, 1, 1)",
        "(0, 1, 0, 1)",
        "(0, 1, 1, 0)",
        "(1, 0, 0, 1)",
        "(1, 0, 1, 0)",
        "(1, 1, 0, 0)"
      ],
      "eigensystem": [
        {
          "eigenvalue": 1.372,
          "multiplicity": 1,
          "eigenvectors": [
            [
              0.0,
              0.5000000000000001,
              {
                "re": 0.3430000000000001,
                "im": 0.36380076965284175
              },
              {
                "re": 0.3430000000000001,
                "im": 0.36380076965284175
              },
              {
                "re": -0.02940399999999977,
                "im": 0.4991346559636989
              },
              0.0
            ]
          ]
        }
      ]
    },
    "L=4, j=2, p=0": {
      "dimension": 3,
      "basis": [
        "(1, -1, 1, 1)",
        "(1, 1, -1, 1)",
        "(1, 1, 1, -1)"
      ],
      "eigensystem": []
    },
    "L=4, j=3, p=1": {
      "dimension": 4,
      "basis": [
        "(0, 1, 1, 1)",
        "(1, 0, 1, 1)",
        "(1, 1, 0, 1)",
        "(1, 1, 1, 0)"
      ],
      "eigensystem": []
    },
    "L=4, j=4, p=0": {
      "dimension": 1,
      "basis": [
        "(1, 1, 1, 1)"
      ],
      "eigensystem": []
    }
  },
  "sl3_modules": {
    "L=4, x=0, y=2": {
      "dimension": 2,
      "basis": [
        "[1, 1, 0, 0]",
        "[1, 0, 1, 0]"
      ],
      "eigensystem": [
        {
          "eigenvalue": 1.372,
          "multiplicity": 1,
          "eigenvectors": [
            [
              1.0,
              0.0
            ]
          ]
        }
      ]
    },
    "L=4, x=1, y=0": {
      "dimension": 3,
      "basis": [
        "[1, 1, 0, -1]",
        "[1, 0, 1, -1]",
        "[1, 0, -1, 1]"
      ],
      "eigensystem": [
        {
          "eigenvalue": 2.743999999999999,
          "multiplicity": 1,
          "eigenvectors": [
            [
              0.7071067811865474,
              -0.0,
              0.7071067811865476
            ]
          ]
        }
      ]
    }
  }
}