{
  "L": 5,
  "n": 1.372,
  "dtl_modules": {
    "L=5, j=0, p=5": {
      "dimension": 1,
      "eigenvalues": []
    },
    "L=5, j=0, p=3": {
      "dimension": 10,
      "eigenvalues": [
        1.0
      ]
    },
    "L=5, j=0, p=1": {
      "dimension": 10,
      "eigenvalues": [
        0.9221155315326348,
        1.0000000000000073,
        3.8426524684673593
      ]
    },
    "L=5, j=1, p=4": {
      "dimension": 5,
      "eigenvalues": []
    },
    "L=5, j=1, p=2": {
      "dimension": 20,
      "eigenvalues": [
        0.9221155315326411,
        1.0000000000000004,
        1.0000000000000007,
        3.842652468467355
      ]
    },
    "L=5, j=1, p=0": {
      "dimension": 5,
      "eigenvalues": [
        1.0
      ]
    },
    "L=5, j=2, p=3": {
      "dimension": 10,
      "eigenvalues": [
        1.0
      ]
    },
    "L=5, j=2, p=1": {
      "dimension": 15,
      "eigenvalues": [
        1.0,
        1.0
      ]
    },
    "L=5, j=3, p=2": {
      "dimension": 10,
      "eigenvalues": [
        1.0
      ]
    },
    "L=5, j=3, p=0": {
      "dimension": 4,
      "eigenvalues": []
    },
    "L=5, j=4, p=1": {
      "dimension": 5,
      "eigenvalues": []
    },
    "L=5, j=5, p=0": {
      "dimension": 1,
      "eigenvalues": []
    }
  },
  "sl3_modules": {
    "L=5, x=0, y=1": {
      "dimension": 5,
      "eigenvalues": [
        0.9221155315326433,
        3.842652468467355
      ]
    },
    "L=5, x=1, y=2": {
      "dimension": 5,
      "eigenvalues": [
        1.0
      ]
    },
    "L=5, x=2, y=0": {
      "dimension": 6,
      "eigenvalues": [
        1.0
      ]
    }
  }
}