{
    "entire_space": {
        "0.8": {
            "f_inf": 0.24002800637418698,
            "f_sur": -0.030727314211369126,
            "vFc": 14.819625650092174,
            "S": [
                3,
                4,
                5,
                6,
                7,
                8,
                9
            ],
            "f_L": [
                0.0,
                0.11750090731143394,
                0.14680005378709976,
                0.15925190750457272,
                0.19445688263549127,
                0.20683272137995504,
                0.21156640269044688
            ]
        },
        "1.0": {
            "f_inf": 0.16695504014843976,
            "f_sur": 0.5451406595902144,
            "vFc": 35.91559019935404,
            "S": [
                3,
                4,
                5,
                6,
                7,
                8,
                9
            ],
            "f_L": [
                0.0,
                0.1732867951399862,
                0.19248473002384134,
                0.18310204811135164,
                0.2313105474413464,
                0.24013679473243246,
                0.23501706968331904
            ]
        },
        "1.2": {
            "f_inf": 0.11882773386845008,
            "f_sur": 1.0351754129434891,
            "vFc": 54.982437499227814,
            "S": [
                3,
                4,
                5,
                6,
                7,
                8,
                9
            ],
            "f_L": [
                0.0,
                0.21886718433847493,
                0.23511466596084757,
                0.23629883802987686,
                0.26464118663427383,
                0.2715407723841107,
                0.27125026464931473
            ]
        }
    },
    "block_sectors": {
        "0.8": {
            "1,1": {
                "f_inf": 0.3150411820887201,
                "f_sur": -0.46217387437180424,
                "vFc": 0.47614620562423005,
                "S": [
                    3,
                    6,
                    9
                ],
                "f_L": [
                    0.0,
                    0.15925190750457272,
                    0.21156640269044688
                ]
            },
            "1,0": {
                "f_inf": null,
                "f_sur": null,
                "vFc": null,
                "S": [
                    4,
                    7
                ],
                "f_L": [
                    0.11750090731143394,
                    0.19445688263549127
                ]
            },
            "0,2": {
                "f_inf": null,
                "f_sur": null,
                "vFc": null,
                "S": [
                    4,
                    7
                ],
                "f_L": [
                    -0.05578588782855243,
                    0.13748592453730962
                ]
            },
            "0,1": {
                "f_inf": null,
                "f_sur": null,
                "vFc": null,
                "S": [
                    5,
                    8
                ],
                "f_L": [
                    0.14680005378709976,
                    0.20683272137995504
                ]
            },
            "1,2": {
                "f_inf": null,
                "f_sur": null,
                "vFc": null,
                "S": [
                    5,
                    8
                ],
                "f_L": [
                    0.0,
                    0.13791736931084322
                ]
            },
            "2,0": {
                "f_inf": null,
                "f_sur": null,
                "vFc": null,
                "S": [
                    5,
                    8
                ],
                "f_L": [
                    0.0,
                    0.15550829514409964
                ]
            },
            "0,0": {
                "f_inf": null,
                "f_sur": null,
                "vFc": null,
                "S": [
                    6,
                    9
                ],
                "f_L": [
                    0.12460589430733592,
                    0.19652817899838368
                ]
            },
            "0,3": {
                "f_inf": null,
                "f_sur": null,
                "vFc": null,
                "S": [
                    6,
                    9
                ],
                "f_L": [
                    -0.03719059188570162,
                    0.1166122429471063
                ]
            },
            "2,1": {
                "f_inf": null,
                "f_sur": null,
                "vFc": null,
                "S": [
                    7
                ],
                "f_L": [
                    0.0
                ]
            },
            "1,3": {
                "f_inf": null,
                "f_sur": null,
                "vFc": null,
                "S": [
                    7
                ],
                "f_L": [
                    0.0
                ]
            },
            "0,4": {
                "f_inf": null,
                "f_sur": null,
                "vFc": null,
                "S": [
                    8
                ],
                "f_L": [
                    -0.027892943914276214
                ]
            },
            "1,4": {
                "f_inf": null,
                "f_sur": null,
                "vFc": null,
                "S": [
                    9
                ],
                "f_L": [
                    0.0
                ]
            },
            "3,0": {
                "f_inf": null,
                "f_sur": null,
                "vFc": null,
                "S": [
                    9
                ],
                "f_L": [
                    0.0
                ]
            }
        },
        "1.0": {
            "1,1": {
                "f_inf": 0.32516862112952943,
                "f_sur": -0.36464650641477303,
                "vFc": 5.642782879567348,
                "S": [
                    3,
                    6,
                    9
                ],
                "f_L": [
                    0.0,
                    0.18310204811135158,
                    0.23501706968331904
                ]
            },
            "1,0": {
                "f_inf": null,
                "f_sur": null,
                "vFc": null,
                "S": [
                    4,
                    7
                ],
                "f_L": [
                    0.1732867951399862,
                    0.2313105474413464
                ]
            },
            "0,2": {
                "f_inf": null,
                "f_sur": null,
                "vFc": null,
                "S": [
                    4,
                    7
                ],
                "f_L": [
                    0.0,
                    0.16824645878905134
                ]
            },
            "0,1": {
                "f_inf": null,
                "f_sur": null,
                "vFc": null,
                "S": [
                    5,
                    8
                ],
                "f_L": [
                    0.19248473002384134,
                    0.24013679473243246
                ]
            },
            "1,2": {
                "f_inf": null,
                "f_sur": null,
                "vFc": null,
                "S": [
                    5,
                    8
                ],
                "f_L": [
                    0.0,
                    0.15349339716243934
                ]
            },
            "2,0": {
                "f_inf": null,
                "f_sur": null,
                "vFc": null,
                "S": [
                    5,
                    8
                ],