{
    "entire_space": {
        "0.8": {
            "f_inf": 0.015257360012491136,
            "f_sur": 1.7807344418727806,
            "vFc": 123.60300589593906,
            "S": [
                6,
                7,
                8,
                9
            ],
            "f_L": [
                0.15925190750457272,
                0.19445688263549132,
                0.20683272137995504,
                0.2115664026904469
            ]
        },
        "1.0": {
            "f_inf": -0.28203474932678946,
            "f_sur": 4.182644813841745,
            "vFc": 255.46391680208245,
            "S": [
                6,
                7,
                8,
                9
            ],
            "f_L": [
                0.18310204811135164,
                0.23131054744134663,
                0.24013679473243263,
                0.23501706968331895
            ]
        },
        "1.2": {
            "f_inf": 0.02399163918591744,
            "f_sur": 2.059588991280768,
            "vFc": 130.38606888453126,
            "S": [
                6,
                7,
                8,
                9
            ],
            "f_L": [
                0.23629883802987692,
                0.2646411866342737,
                0.2715407723841107,
                0.27125026464931457
            ]
        }
    },
    "block_sectors": {
        "0.8": {
            "0,0": {
                "f_inf": null,
                "f_sur": null,
                "vFc": null,
                "S": [
                    6,
                    9
                ],
                "f_L": [
                    0.12460589430733587,
                    0.19652817899838368
                ]
            },
            "1,1": {
                "f_inf": null,
                "f_sur": null,
                "vFc": null,
                "S": [
                    6,
                    9
                ],
                "f_L": [
                    0.15925190750457272,
                    0.2115664026904469
                ]
            },
            "0,3": {
                "f_inf": null,
                "f_sur": null,
                "vFc": null,
                "S": [
                    6,
                    9
                ],
                "f_L": [
                    -0.03719059188570162,
                    0.11661224294710627
                ]
            },
            "2,1": {
                "f_inf": null,
                "f_sur": null,
                "vFc": null,
                "S": [
                    7
                ],
                "f_L": [
                    -1.586032892321652e-17
                ]
            },
            "0,2": {
                "f_inf": null,
                "f_sur": null,
                "vFc": null,
                "S": [
                    7
                ],
                "f_L": [
                    0.1374859245373097
                ]
            },
            "1,0": {
                "f_inf": null,
                "f_sur": null,
                "vFc": null,
                "S": [
                    7
                ],
                "f_L": [
                    0.19445688263549132
                ]
            },
            "1,3": {
                "f_inf": null,
                "f_sur": null,
                "vFc": null,
                "S": [
                    7
                ],
                "f_L": [
                    0.0
                ]
            },
            "0,1": {
                "f_inf": null,
                "f_sur": null,
                "vFc": null,
                "S": [
                    8
                ],
                "f_L": [
                    0.20683272137995504
                ]
            },
            "1,2": {
                "f_inf": null,
                "f_sur": null,
                "vFc": null,
                "S": [
                    8
                ],
                "f_L": [
                    0.1379173693108433
                ]
            },
            "0,4": {
                "f_inf": null,
                "f_sur": null,
                "vFc": null,
                "S": [
                    8
                ],
                "f_L": [
                    -0.027892943914276214
                ]
            },
            "2,0": {
                "f_inf": null,
                "f_sur": null,
                "vFc": null,
                "S": [
                    8
                ],
                "f_L": [
                    0.1555082951440996
                ]
            },
            "1,4": {
                "f_inf": null,
                "f_sur": null,
                "vFc": null,
                "S": [
                    9
                ],
                "f_L": [
                    0.0
                ]
            }
        },
        "1.0": {
            "0,0": {
                "f_inf": null,
                "f_sur": null,
                "vFc": null,
                "S": [
                    6,
                    9
                ],
                "f_L": [
                    0.18310204811135158,
                    0.23501706968331895
                ]
            },
            "1,1": {
                "f_inf": null,
                "f_sur": null,
                "vFc": null,
                "S": [
                    6,
                    9
                ],
                "f_L": [
                    0.18310204811135164,
                    0.23501706968331876
                ]
            },
            "0,3": {
                "f_inf": null,
                "f_sur": null,
                "vFc": null,
                "S": [
                    6,
                    9
                ],
                "f_L": [
                    0.0,
                    0.1402099387115658
                ]
            },
            "2,1": {
                "f_inf": null,
                "f_sur": null,
                "vFc": null,
                "S": [
                    7
                ],
                "f_L": [
                    0.0
                ]
            },
            "0,2": {
                "f_inf": null,
                "f_sur": null,
                "vFc": null,
                "S": [
                    7
                ],
                "f_L": [
                    0.1682464587890513
                ]
            },
            "1,0": {
                "f_inf": null,
                "f_sur": null,
                "vFc": null,
                "S": [
                    7
                ],
                "f_L": [
                    0.23131054744134663
                ]
            },
            "1,3": {
                "f_inf": null,
                "f_sur": null,
                "vFc": null,
                "S": [
                    7
                ],
                "f_L": [
                    0.0
                ]
            },
            "0,1": {
                "f_inf": null,
                "f_sur": null,
                "vFc": null,
                "S": [
                    8
                ],
                "f_L": [
                    0.24013679473243263
                ]
            },
            "1,2": {
                "f_inf": null,
                "f_sur": null,
                "vFc": null,
                "S": [
                    8
                ],
                "f_L": [
                    0.15349339716243943
                ]
            },
            "0,4": {
                "f_inf": null,
                "f_sur": null,
                "vFc": null,
                "S": [
                    8
                ],
                "f_L": [
                    0.0
                ]
            },
            "2,0": {
                "f_inf": null,
                "f_sur": null,
                "vFc": null,
                "S": [
                    8
                ],