{
  "L": 4,
  "M": 2,
  "x": 1,
  "y": 0,
  "mode": "num",
  "n": 1.372,
  "trace": [
    7.529535999999994,
    [
      2.743999999999999
    ]
  ]
}