{
  "L": 3,
  "n": 1.414213562373095,
  "operator": "H",
  "modules": {
    "x=0, y=0": {
      "dimension": 1,
      "eigenvalues": []
    },
    "x=1, y=1": {
      "dimension": 2,
      "eigenvalues": [
        2.4142135623730945,
        0.41421356237309503
      ]
    }
  }
}