{
  "L": 6,
  "n": 1.414213562373095,
  "operator": "H",
  "modules": {
    "x=0, y=0": {
      "dimension": 5,
      "eigenvalues": [
        7.071067811865468,
        5.376751909273253,
        4.242640687119308,
        3.457811370172073,
        1.0649316571663223
      ]
    },
    "x=0, y=3": {
      "dimension": 5,
      "eigenvalues": [
        6.006136154699161,
        3.613256441693397,
        2.828427124746185,
        1.6943159025922165
      ]
    },
    "x=1, y=1": {
      "dimension": 16,
      "eigenvalues": [
        6.845061567218215,
        6.195869506224424,
        5.794323726318581,
        5.1810921698217145,
        4.78377889474662,
        4.06848413220781,
        4.044022306000482,
        3.7783007728786044,
        3.2927670389737904,
        3.0270455059771457,
        3.0025836795591205,
        2.2872889171176083,
        1.8899756420445826,
        1.2767440855467496,
        0.8751983056410897,
        0.22600624464725233
      ]
    },
    "x=2, y=2": {
      "dimension": 9,
      "eigenvalues": [
        5.376751909273253,
        4.242640687119284,
        3.4578113701720854,
        3.146264369941964,
        2.4142135623730954,
        1.4142135623730931,
        1.0649316571663214,
        0.41421356237309415,
        -0.31783724519578116
      ]
    },
    "x=3, y=0": {
      "dimension": 10,
      "eigenvalues": [
        5.560477932315068,
        4.560477932315057,
        3.828427124746203,
        3.560477932315054,
        2.8284271247462023,
        2.0963763171772842,
        1.8284271247462063,
        1.096376317177314,
        0.09637631717731299
      ]
    }
  }
}