{
  "central_charge": {
    "L_values": [
      6,
      9,
      12
    ],
    "f_L_values": [
      0.10866730570633734,
      0.08985241229480757,
      0.0762352461966205
    ],
    "fit_success": true,
    "f_inf": 0.018544870332370605,
    "f_sur": 0.42191720424909857,
    "vFc": 13.89307127732167
  },
  "conformal_dimensions": {
    "x=0, y=0": {
      "0": {
        "L_vals": [
          6,
          9,
          12
        ],
        "h_vals": [
          0.0,
          0.0,
          0.0
        ],
        "fit_success": true,
        "h_inf": -9.870551e-317,
        "slope": 8.38996826e-316
      },
      "1": {
        "L_vals": [
          6,
          9,
          12
        ],
        "h_vals": [
          0.5231621194762314,
          0.3210830339670593,
          0.23416443341420615
        ],
        "fit_success": true,
        "h_inf": -0.06088508480418248,
        "slope": 3.4921795604401122
      },
      "2": {
        "L_vals": [
          6,
          9,
          12
        ],
        "h_vals": [
          0.975605076964286,
          0.40832075975987536,
          0.31231398694803475
        ],
        "fit_success": true,
        "h_inf": -0.43139226780314904,
        "slope": 8.281153735892774
      },
      "3": {
        "L_vals": [
          6,
          9,
          12
        ],
        "h_vals": [
          1.366266880486491,
          0.5474218339159879,
          0.3633702036913237
        ],
        "fit_success": true,
        "h_inf": -0.7361139988299538,
        "slope": 12.421110224098504
      },
      "4": {
        "L_vals": [
          6,
          9,
          12
        ],
        "h_vals": [
          3.615556348701169,
          0.642403311383363,
          0.3857231520475046
        ],
        "fit_success": true,
        "h_inf": -3.3712084928825217,
        "slope": 40.8663921898513
      }
    },
    "x=0, y=3": {
      "0": {
        "L_vals": [
          6,
          9,
          12
        ],
        "h_vals": [
          0.3117460758828011,
          0.21057864365763582,
          0.15963642844009152
        ],
        "fit_success": true,
        "h_inf": 0.007680423470935089,
        "slope": 1.8247011994182942
      },
      "1": {
        "L_vals": [
          6,
          9,
          12
        ],
        "h_vals": [
          1.282283509551883,
          0.30063993852590354,
          0.23996785828512268
        ],
        "fit_success": true,
        "h_inf": -0.9866976620477116,
        "slope": 13.245187271555176
      },
      "2": {
        "L_vals": [
          6,
          9,
          12
        ],
        "h_vals": [
          1.749986391444749,
          0.44201910074747386,
          0.29088393186049305
        ],
        "fit_success": true,
        "h_inf": -1.3837250254269917,
        "slope": 18.371255539385594
      },
      "3": {
        "L_vals": [
          6,
          9,
          12
        ],
        "h_vals": [
          2.728677963402662,
          0.6132961388103999,
          0.3457793605813929
        ],
        "fit_success": true,
        "h_inf": -2.3757652921873014,
        "slope": 29.94936740129452
      },
      "4": {
        "L_vals": [
          9,
          12
        ],
        "h_vals": [
          0.6706082032133857,
          0.3985292038111385
        ],
        "fit_success": true,
        "h_inf": -0.41770779439560274,
        "slope": 9.794843978480896
      }
    },
    "x=1, y=1": {
      "0": {
        "L_vals": [
          6,
          9,
          12
        ],
        "h_vals": [
          0.06203996465921723,
          0.039575626196514536,
          0.029122688318556314
        ],
        "fit_success": true,
        "h_inf": -0.004128544312044388,
        "slope": 0.396343141228855
      },
      "1": {
        "L_vals": [
          6,
          9,
          12
        ],
        "h_vals": [
          0.25234711674246507,
          0.17295220784295026,
          0.13179869879760173
        ],
        "fit_success": true,
        "h_inf": 0.011874303815373806,
        "slope": 1.4440849250926335
      },
      "2": {
        "L_vals": [
          6,
          9,
          12
        ],
        "h_vals": [
          0.38031550401994574,
          0.2241864782630553,
          0.15954564361113163
        ],
        "fit_success": true,
        "h_inf": -0.06697722175190582,
        "slope": 2.672250344722663
      },
      "3": {
        "L_vals": [
          6,
          9,
          12
        ],
        "h_vals": [
          0.5939578921222214,
          0.262726450977115,
          0.21206058550885395
        ],
        "fit_success": true,
        "h_inf": -0.21910094643197894,
        "slope": 4.7798245880422
      },
      "4": {
        "L_vals": [
          6,
          9,
          12
        ],
        "h_vals": [
          0.7463361699816363,
          0.36201611875546963,
          0.26356593260225913
        ],
        "fit_success": true,
        "h_inf": -0.25936566482785706,
        "slope": 5.9538882905036665
      }
    },
    "x=2, y=2": {
      "0": {
        "L_vals": [
          6,
          9,
          12
        ],
        "h_vals": [
          0.5231621194762314,
          0.32108303396702453,
          0.2341644332915687
        ],
        "fit_success": true,
        "h_inf": -0.0608850855004743,
        "slope": 3.4921795658849875
      },
      "1": {
        "L_vals": [
          6,
          9,
          12
        ],
        "h_vals": [
          0.975605076964297,
          0.4083207597612461,
          0.31232414239697626
        ],
        "fit_success": true,
        "h_inf": -0.43137631085211736,
        "slope": 8.281049293238892
      },
      "2": {
        "L_vals": [
          6,
          9,
          12
        ],
        "h_vals": [
          1.3662668804864841,
          0.5265232123819048,
          0.3633767357742869
        ],
        "fit_success": true,
        "h_inf": -0.7495385621284845,
        "slope": 12.474782349308676
      },
      "3": {
        "L_vals": [
          6,
          9,
          12
        ],
        "h_vals": [
          1.5465958013522079,
          0.5474218359754094,
          0.40386505304392256
        ],
        "fit_success": true,
        "h_inf": -0.8914500629677236,
        "slope": 14.32310643609175
      },
      "4": {
        "L_vals": [
          6,
          9,
          12
        ],
        "h_vals": [
          2.0524072358010694,
          0.6424033118042435,
          0.43620219594658804
        ],
        "fit_success": true,
        "h_inf": -1.3937746421225867,
        "slope": 20.249547701315976
      }
    },
    "x=3, y=0": {
      "0": {
        "L_vals": [
          6,
          9,
          12
        ],
        "h_vals": [
          0.4589915987136556,
          0.26848167904001047,
          0.19084418530744515
        ],
        "fit_success": true,
        "h_inf": -0.08485357100436576,
        "slope": 3.2479703337439587
      },
      "1": {
        "L_vals": [
          6,
          9,
          12
        ],
        "h_vals": [
          0.8376338818985252,
          0.4756946431001345,
          0.3339813796338101
        ],
        "fit_success": true,
        "h_inf": -0.18649527494500498,
        "slope": 6.111126635448416
      },
      "2": {
        "L_vals": [
          6,
          9,
          12
        ],
        "h_vals": [
          1.1718084244170568,
          0.47633738026423095,
          0.36313982877537065
        ],
        "fit_success": true,
        "h_inf": -0.5460450399752675,
        "slope": 10.106088240136033
      },
      "3": {
        "L_vals": [
          6,
          9,
          12
        ],
        "h_vals": [
          1.3103864030748473,
          0.6845105423830052,
          0.4163720717694999
        ],
        "fit_success": true,
        "h_inf": -0.49684202799259763,
        "slope": 10.80497104949118
      },